english,hassaniya-ar,hassaniya-en,
Burrs have stuck to my clothes.,اينيتي وحل فلباسي,initi w7al v lbassi,
"When something is said, act quickly.", الكلام منين ينكال شي، يالتو يعدل بلعجله,"mnin yengal chi, yaltou yo3adal bel'ajla",
The thief has gone secretly and stolen money.,السّراگ مش  ما علم بيه حد او  رفد الفظة.,esserag mcha ma3lem bih hed o rfed lfedda,
The man is blinking like a thief.,الراجل يطرّف كيف السّراق.,rrjal ytrrf kif ssraq,
She is cooking rice for dinner.,هي عدلت للعشا مارو.,hia 3adlet l3sha maro,
We were joking and he responded with anger.,كنا لا مجوقين يغير يبان انفگع.,kna ela mjaw9inw yeghir yban nfge3,
The fire has sparked and burnt the child.,النار گدات او لسعت الطفيل., nar gdhat w 7erget 6fel,
The mother was going down the road and the child pursued her.,لمرا كانت واخظه او  الطفيل اتلبه.,lwalda kant wakhtha m3a trig w 6feil tlebhe,
carry it on the back.,رفدوا على الظهر,refdou 3la dher,
A bug has stuck to my dress.,خنفوسه لصقت فلباسي,khanvousse lsgat flbassi,
I have supported your suggestion.,ذا لي گلت انا معاك فيه.,tha li guelt ana m3ak vih ,
Put two chairs together and bring them.,راكب مقعدين فبلد او جيبهم معاك.,rakib mak'3adein vibled ou jibhoum,
He removed some corn from the cob and gave it to me.,هو گبظ شي من الگبال او عطاه لي.,huwa gbeth chi mn lgbal o 3tah li,
Ahmed usually urges people to fight.,أحمد احمجي الديگات مع ارواگيج.,a7mad i7amji daygat m3a arwagij,x
This girl stuck to me after we met.,ذي الصيدة غرات فيا بعد ما جبرتها.,thi sayda ghrat fia b3d ma jbartha,
Wild behaviour is not good.,شين الصنعه و اتصوفيج ماهم زينين,chein asan3a w itssouvij mahim zinin,x
"If it rains for long in the morning, people won’t go farming.",الا تمت اسحاب ماشه لصبح الناس ماهم لاهي يگيسوا لحريثه.,"mnin tawal s7ab f seb7, nass mahi lahi matgiss lehrithe",
I have not yet gone.,ما زلت مامشيت.,mazelt ma mshit,
Sidi heard the news and also consulted me.,سيدي سمع لخباراو شورني.,sidi sma3 lakhbar w  chwarni,
I have never gone.,ما گطيت مشيت.,ma ga6it mchit,
I have gone before,قطيت گست.,getit guest,
He had once come here.,گط ج هون.,Ga6 ja houn,
"She usually supports her younger brother, who is very stubborn.",هي دايما تعاون خوها يغيير راسو امتن مناش.,hiye dayma t3awen khouha yeghir rasou amten mnach,x
It is not good to bear false witness.,مايتواسه حد يشهد شهادة زور.,ma yitwase had yash'hade chadate zour,
"If you go behind that barn, you will see a container of water.",اوخظ هوك ورا الحوش ، ولاهي يظهرلك سيترن الماء.,"oukheth houk wra lhouch ,w lahi yrtherlek citerne l;a",x
Sickness has made me stay only around here.,كلت الصحة خلاتني لا گاعد هون.,kilt essaha khlatni ela ga3ed houn,
Have you returned from where you went?,أثرك رجعت من لبلد الكست؟,athrak rja3t mn lebled'lkist?,
He is rolling on the bed like that because he has a painful leg.,كراعو واجعتو ذاك لمخليه الا يتگلب.,kra3ou waje3tou thak li mkhelih ela ytgleb,
It is difficult to count the number of times the wheel of a car is turning.,واعر تحسب دورات الوتة.,wa3er tehsseb dourat lwetta,
It is difficult.,واعر.,wa3er ,
He turned the cloth inside out.,گلب لباسو.,gleb lbassou,
"If I ask you, you will answer.",الا سَولتك، جاوب.,"ila sawltk, jaweb",
He moved the chair I placed.,حرّك المقعد(لمكيعد) اللي طرحتو.,7rrk elmakad lli trehtou,
He has gone out of sight.,مشا ما تلا ظاهر.,mcha matla thher,
Why did you lift the baby that way?,اعلاش(لاش) خليت ارفدت بذي الصيفه,3lash rfedt tfel bthi tari9a,
An ill-tempered person doesn't hide anything.,حد مغدج ، تظهر عليه.,hed mghedeg tether 3lih,
That child's death is very tragic.,وفاة الطفل تگيم المواجع.,wafat thak tfel tgayam lmaje3,
That child who came here today behaves in a very fishy manner.,ذاك الطفل  الي جانا گبيل يبان ما هو صافي.,dak tfel elli   jana gbil yban mahou safi,
A person who makes up excuses is always a liar.,لواد الأعذار الا كذاب.,lawad la3thar ella kathab,
"If you are lazy, you will become useless",حد معگاز يعود بلا فايدة.,hed me3kaz y3oud bla fayda,
A caterpillar has transformed into a butterfly.,فرططو عادت فراشة لفراشة.,fartato 3adet faracha,
I lost this job because I was not coming to work every day.,الشغلة ما صلحتلي بيا ما نجي كل نهار.,echaghla ma selhetli bia ma nji kel nhar,
Give me a piece of bread so that I can eat.,عطيني گشيرة من امبورو كاني نوكل.,3tni gchira men mboro jani noukel,
I rushed and just got a fraction of what he said.,بيا العجلة سمعت ال شي من ذاك الي گال.,bia l3ejla sma3t ela chi mn thak li gal,
we plan to get 5 telephones.,ندورو نجبرو 5 تلفونات.,ndourou nehkmou 5 telephonat,
He will level the sides of the road with a shovel.,لاهي يعدل حاشيات الطريق بالبالة.,lahi y3edel hachiat trig blbala,
I am warning you that you should not do evil anymore.,راني بريتك ما تيت تعدل شي خاسر.,rani berritek matlit t3edel chi khasser,
We were astonished by that monkey because it is very big.,گعدنا نخرسو القرد بيه ذاك من الكبر.,g3edna nkhersou fl9erd bih thak men lkibar,
He was impressed by the houses he saw at Aghnewdertt.,ازيانت اعندو الدار الي ف أغندرت.,ezyant 3ndou dar eli f Aghnewdertt,
I am still surprised by what he said.,مازلت متعجب من ذاك لي گال.,mezalt mat3ajeb mn thak elli gal,
My father got angry because I forgot my book.,بوي انفكع بيه عنى نسيت كتابي.,bouye invka3 bih ani nsayte ktabi,
The teacher wanted to beat me and I ran quickly.,الأستاذ كان يدور يخبطني يغير هربت عنو بلعجلة.,lostath kan ydour ykhbetni yeghir hrebt 3nou bl3ajla,
Give me the remaining tea from yesterday so that I can drink.,لا اعطني معاك أتاي يامس كاني نشربو.,ela 3toni m3ak atay yames kani nechrbou,
The child has kept some soup so that he can eat it in the afternoon.,الطفل خلا شي من صُبْ كان يشربو الدحميس.,Tfel khela chi mn soup kan ychrbou dehmis,
See you again.,اايو ايل وقت اوخر ان شاء الله.,ewa ela wakt oukher inchaalah,
I peeked through the keyhole and saw him.,جبيت من عوينة الباب او شفتو.,jbit mn 3winat lbab ou thher li,
Have you looked along the road and still not seen him?,خرست الطريق او ما ظهرلك؟,kharrest trig o mathher lek?,
We have widened the road so that vehicles can drive on freely.,وسّعنا الطريگ كان الوتات تجبر منين تتخطى.,wasa3na trig kan lwettat tjber mnin tetkhata,
This child is very wise.,الطفيل يبان عاقل.,Tfil yban 3a9el,
"He went to get his money, but it started a fight.",مشا يگبظ فظتو يغير گيم ديكة,mcha yegbeth fethtou ygher gayem dayga,
Fatimetou got married to Mohamed Salem in Atar.,فاتمتّو تعرست بمحمّد سالم ف أطار.,fatimetu t3erset mo7ammad salim f Atar,
Is there any leftover pasta?,ابكه شي من مكرونه؟,ibke shi mn makroune?,
"We haven't seen him yet, so he hasn’t come.",مافتن ريناه، ذاك معناه عنو مافات جه.,"ma vitne shivnah, thak ma3nah mzal ma ja",
Is he still working at Tidjikja?,مازال يخدم ف تجكجه؟,mazal ykhdm f Tidjikja?,
Not everyone still follows the old traditions.,ياسر ما تلاو يتبعو التقاليد.,yasser matlaw yetb3o ta9alid,
His door is still closed.,بابو مازال مگفول.,babu mazal mgfoul ,
"I proposed to that girl, and she accepted.",خطبت ذيك الطفلة، وكبلتني.,"kh'tbt dhik tefla, wkiblitni",
"Sidaty and Moukhtar fought, and Moukhtar rubbed Sidaty thoroughly in the mud.",سيداتّي و مختار دايگو ،و المختار خبزو في الطين.,"sidaty w mkhtar daygou ,w lmoukhtar khabzou v tin",
I was expecting drinks or food.,گلت عني لاهي نجبر شي نشربو او نوكلو .,guelt 3eni lahi njber chi nchrbou ou noiklou,
Her daughter was ill so she went to Kiffa.,منتها موجوعة، او گاست لكيفة.,"mntha moujo3a, w gasset lkifa",
I was waiting for you so that we could go together.,كنت نحانيك كانا نمشو متافگين.,knt n7anik kana nmchou mtafgin,
This banana is too ripe and has become soft.,البنان طايبه حته عادت لينه.,lbanan taiba hetta 3adet layene,
This test is very easy.,هاذ لامتحان سهل,had l'imti7an sahl ,
Zahra is feeling sick; maybe she will have a headache.,الزهرة موجوعة ؛اتكد اتعود لاهي يگبظها الراس.,"zahra moujou3a,itked itoud lahi ygbtha ras",
I’m really hungry; I’ll go get something to eat.,انا جيعان حته، لاه نلود لشي نوكلو.,"ana jay3an hatte, lahi nlawed lchi nouklou",
I visited someone and they gave me a piece of fabric.,جبيت عل حد او عطان شي من إلباس.,jbit 3la had o 3tani chimn ilbas,
It’s good to be united.,زين اف مده اتعود متحدة.,zeyn iv mede itoude mitahda,
"I was busy, but when he needed me, I helped him.",كنت واحل ماني صايب، يغير ركبتلو غايه فيه عاونت.,"knt wahel mani sayeb , yegher lin rekitlou ghaye viye 3awantou",
"I was angry, but when she spoke to me, I listened.",كنت منفكع ومنطعن، يغير لين تكلمت معايا اتصنتلها.,"kent minvka3 w mintt'3an , yeghir lin tkelmet m3aya tsanatlha",
I like your handwriting very much.,خطّك زين عندي.,khattk ezyan 3ndi,
"Ahmed did not fetch water, so it will cause him trouble in the evening.",احمد ماجاب الما ،حان الدحيس ادور يشوف ذاك لاه انعدلو.,ahmed ma jab lma hani dahmis idor ychouf thak,
He has wrapped his head with a cloth.,دار على راسو(اتلثم) حولي.,dar 3la rasu(itlathem) hawly ,
The rain has caught Aichatou in her way and has soaked her so much.,السحاب جات اعل عيشتوف اطريك هي ماشه او  رغنتها كاملها.,esshab jat i3le aichettou vi trik o hiye mashe o raghnetha kamelha,
"If policemen arrest you, calm down and let them take you where they want to.",الا  گبظوك البوليس،  الا اطرح بالك ف ارخى ولا تجلج(تنفكع) او امشي معاهم.,"la gebthouk lbulis, ella treh7 balek v irkha w la tijelje (tenvka3) o tragfeg m3ahum",
"Since the day Ahmedou insulted me, I have always been reluctant to greet him.",من يوم احمدّو اشتمني(كالي لكلام الخاسر)، ما تليت نسلم عليه.,"mn youm a7maddo shtemni, matlit nsllm 3lih",
He received the inheritance after his father died.,گبط ورث بوه بعد وفاتو.,gbed werth bouh ba3d wafatou,
Ahmed burned his hand and it swelled immediately.,احمد حرك ايدو او تنفخت بلعجلة,a7mad hreg idou o tnef5et bel'aajla,
"If someone behaves well in the group, the leader will give him a position.",حد فالجماعة شغلو زين، الرئيس لاهي يعطيه منصب.,"had fi ljma3a cheghlou zeyn , rais lahi y3tih manssib",
"She cried out, but before help arrived, the man had already injured her. (",زگات إلين ذاك ،ما جاو يلحگوها إلين عطبها الراجل,zgat elin thak yeghir ma jaw yelhgouha elin 3tabha rajel,
Many insects have hatched this year.,ياسر من الحشرات مرگت ذا العام.,yasser mn lhacharat merget tha l3am,
"If a liar is caught, people will mock him until he feels ashamed.",الكذاب منين ينحكم الناس لاهي تم تظحك فيه الين يحشم,lkethab elin ynhkem lahi tem nas tethehak fih elin yhchem,
Not everyone can greet the teacher by shaking hands.,ما هو أي حد يسلم على الأستاذ باليد.,mahou ay hed ysselem 3la lostath blyed,
He loves me very much otherwise he wouldn't have given me his money.,لا عاد ما يبغيني حتا ، ما كان لاهي يعطيني فظتو.,"la 3ad maybghini hette ,makan lahi y3tini fethtou",
The goat has run into the field.,الشا گامت تجري فالبر.,cha gamet tejri flber,
He has opened the book and left it in the rain.,فتح الكتاب او خلاه فالسحاب,fte7 lktab o khelah vshab,
He has disclosed the discussion I had with him to other people.,كلام گلتولو كامل ،لحگو لارواگيج.,"klam geltoulou kamel,lehgou larwagij",
Where are the tools?,الأدوات منين ؟,lladawat mnin?,
We bought books and she lost hers.,شرينا الكتب، وهي وغد كتابها.,"chrina lktoub , o hia wghede ktabha",
Where have you kept his books?,منين لميت كتوبك؟,mnin lemyt ktoubek?,
These are Mohamed Salem's shoes.,هذو نعايل محمد سالم.,hathou n3ayel mohamed,
